id,station,group,time,susceptibility,severity,benefits,barriers,self_efficacy,cues_to_action,ttm_stage,safe_behavior
1,S01,intervention,pre,3.25,3.66,2.74,3.01,2.74,3.67,5,3.12
1,S01,intervention,post,3.69,3.6,3.01,3.08,3.24,3.94,5,3.86
1,S01,intervention,followup,3.41,3.87,3.0,3.03,2.99,3.89,4,3.38
2,S02,intervention,pre,3.88,3.09,2.5,2.97,2.69,4.21,5,3.39
2,S02,intervention,post,4.04,3.19,3.19,2.44,2.83,4.39,5,4.15
2,S02,intervention,followup,3.89,3.31,2.91,2.73,3.03,4.44,5,3.93
3,S03,intervention,pre,3.85,3.98,3.19,2.24,3.57,1.87,5,2.5
3,S03,intervention,post,4.12,4.05,3.21,1.87,3.79,2.29,5,2.73
3,S03,intervention,followup,4.04,4.12,3.22,1.94,3.64,2.15,5,3.12
4,S04,intervention,pre,4.05,4.48,4.04,2.67,3.33,3.29,5,3.49
4,S04,intervention,post,4.25,4.58,4.4,2.38,3.73,3.6,5,3.81
4,S04,intervention,followup,4.19,4.3,4.28,2.46,3.74,3.68,5,3.73
5,S05,intervention,pre,2.8,4.15,4.25,2.9,1.49,1.28,3,2.43
5,S05,intervention,post,2.89,4.31,4.47,2.85,2.18,1.97,5,2.98
5,S05,intervention,followup,2.98,4.09,4.6,2.92,2.05,1.82,5,2.45
6,S06,intervention,pre,3.92,4.2,4.62,3.22,3.64,2.04,5,2.63
6,S06,intervention,post,4.03,4.15,4.61,2.65,4.11,2.44,5,3.71
6,S06,intervention,followup,4.18,4.11,4.75,2.63,3.93,2.2,5,3.68
7,S07,intervention,pre,3.53,4.27,2.61,3.21,2.83,3.9,4,3.5
7,S07,intervention,post,3.78,4.25,2.8,2.84,3.47,4.38,4,3.67
7,S07,intervention,followup,3.78,4.23,2.81,2.84,3.16,4.3,5,3.51
8,S08,intervention,pre,3.44,4.52,3.38,3.11,2.07,2.73,4,2.59
8,S08,intervention,post,3.73,4.82,3.92,2.62,2.64,3.07,5,3.96
8,S08,intervention,followup,3.54,4.64,3.51,2.7,2.51,2.91,5,3.31
9,S09,intervention,pre,2.98,3.26,4.32,3.33,4.0,1.31,5,3.34
9,S09,intervention,post,3.05,3.31,4.96,2.86,4.5,1.75,5,3.86
9,S09,intervention,followup,3.12,3.19,4.63,3.18,4.23,1.87,5,3.87
10,S10,intervention,pre,4.21,3.45,3.82,2.71,1.56,3.01,3,1.76
10,S10,intervention,post,4.4,3.5,3.78,2.46,2.17,3.08,5,2.84
10,S10,intervention,followup,4.3,3.4,3.83,2.57,2.18,2.82,5,1.84
11,S11,intervention,pre,3.44,3.75,2.87,3.07,3.48,2.48,5,3.17
11,S11,intervention,post,3.41,3.86,3.04,2.87,3.71,2.69,5,3.19
11,S11,intervention,followup,3.46,3.82,2.85,3.15,3.5,2.64,4,2.6
12,S12,intervention,pre,3.0,3.88,3.81,2.33,3.93,2.38,5,3.56
12,S12,intervention,post,3.15,3.87,3.94,2.09,4.09,2.73,5,4.21
12,S12,intervention,followup,3.23,3.8,3.86,2.08,4.14,2.49,5,4.31
13,S01,intervention,pre,2.96,3.36,3.41,2.77,3.22,2.51,5,2.28
13,S01,intervention,post,2.96,3.6,4.17,2.38,3.86,2.86,5,3.08
13,S01,intervention,followup,3.1,3.57,3.72,2.51,3.65,2.59,5,3.11
14,S02,intervention,pre,3.16,3.64,3.47,3.53,4.51,2.87,5,2.68
14,S02,intervention,post,3.38,4.01,3.62,3.3,4.92,3.36,5,3.28
14,S02,intervention,followup,3.25,3.75,3.59,3.14,4.89,3.22,5,3.56
15,S03,intervention,pre,2.78,2.98,4.28,2.69,3.3,3.08,5,3.73
15,S03,intervention,post,3.06,3.14,4.56,2.51,3.63,3.44,5,3.77
15,S03,intervention,followup,2.92,3.21,4.39,2.57,3.39,3.36,5,3.53
16,S04,intervention,pre,2.82,4.24,3.18,2.53,2.91,3.36,5,3.11
16,S04,intervention,post,2.95,4.26,3.39,2.1,3.3,3.87,5,3.7
16,S04,intervention,followup,3.03,4.28,3.66,2.13,3.32,3.7,5,3.99
17,S05,intervention,pre,4.71,3.96,2.26,3.57,2.05,2.58,3,2.83
17,S05,intervention,post,4.88,4.12,2.3,3.51,2.62,2.96,4,3.54
17,S05,intervention,followup,4.98,4.13,2.55,3.4,2.72,2.84,5,3.71
18,S06,intervention,pre,3.55,3.26,4.5,3.7,1.07,3.38,1,2.95
18,S06,intervention,post,3.65,3.31,4.65,3.41,1.7,3.74,4,3.54
18,S06,intervention,followup,3.63,3.42,4.59,3.59,1.4,3.8,5,3.21
19,S07,intervention,pre,2.82,3.37,3.84,3.02,4.06,3.08,5,3.64
19,S07,intervention,post,2.99,3.61,4.38,2.95,4.3,3.44,5,5
19,S07,intervention,followup,2.89,3.63,4.04,2.87,4.29,3.31,5,4.41
20,S08,intervention,pre,3.22,3.04,3.44,3.54,3.19,3.55,4,2.69
20,S08,intervention,post,3.11,3.07,3.31,3.37,3.57,3.91,4,3.71
20,S08,intervention,followup,3.53,3.14,3.91,3.35,3.46,3.63,5,3.98
21,S09,intervention,pre,3.51,3.63,2.96,2.47,3.34,3.1,4,2.93
21,S09,intervention,post,3.42,3.71,3.28,2.08,3.65,3.41,5,3.87
21,S09,intervention,followup,3.68,3.6,3.13,2.4,3.82,3.38,5,3.81
22,S10,intervention,pre,2.79,4.3,3.39,2.88,2.53,2.0,5,2.52
22,S10,intervention,post,2.82,4.4,3.56,2.48,2.79,2.12,5,3.56
22,S10,intervention,followup,2.97,4.42,3.59,2.56,2.85,2.13,5,3.21
23,S11,intervention,pre,3.58,3.83,4.32,2.99,2.08,2.76,3,3.01
23,S11,intervention,post,3.87,3.84,4.46,2.95,2.46,3.2,5,3.82
23,S11,intervention,followup,3.67,3.79,4.14,2.95,2.7,2.95,5,3.57
24,S12,intervention,pre,2.63,3.27,4.24,2.33,2.81,3.21,4,3.57
24,S12,intervention,post,2.69,3.57,4.59,2.1,3.53,3.23,5,3.83
24,S12,intervention,followup,2.69,3.35,4.64,1.85,3.54,3.54,5,4.0
25,S01,intervention,pre,3.55,3.6,3.64,2.07,2.66,2.45,5,2.97
25,S01,intervention,post,3.62,3.59,3.89,1.98,3.09,2.99,5,3.96
25,S01,intervention,followup,3.63,3.65,3.92,1.84,2.94,2.8,5,3.74
26,S02,intervention,pre,3.48,3.14,3.47,3.65,3.37,2.73,5,3.44
26,S02,intervention,post,3.57,3.39,3.67,3.1,4.0,3.15,5,3.82
26,S02,intervention,followup,3.38,3.27,3.83,3.53,3.86,2.91,5,3.51
27,S03,intervention,pre,3.43,2.76,2.5,2.78,2.52,1.6,4,2.33
27,S03,intervention,post,3.56,2.78,3.25,2.52,3.31,2.06,5,2.97
27,S03,intervention,followup,3.47,2.66,2.92,2.62,3.05,2.21,5,2.92
28,S04,intervention,pre,3.84,4.15,4.02,2.12,2.7,2.94,5,3.04
28,S04,intervention,post,4.08,3.97,4.34,1.62,2.82,3.29,5,3.93
28,S04,intervention,followup,4.07,4.08,4.16,1.84,2.97,3.0,5,4.08
29,S05,intervention,pre,3.96,3.84,3.72,2.24,2.85,3.01,5,2.7
29,S05,intervention,post,4.1,4.05,3.95,2.14,3.26,3.28,5,2.98
29,S05,intervention,followup,4.26,3.97,4.08,2.3,3.12,3.5,5,2.83
30,S06,intervention,pre,3.53,3.85,3.24,3.18,2.45,2.96,5,2.65
30,S06,intervention,post,3.57,3.77,3.27,3.15,2.76,3.43,4,3.25
30,S06,intervention,followup,3.68,3.92,3.29,3.0,3.07,3.24,5,2.65
31,S07,intervention,pre,2.13,3.4,4.33,2.3,2.38,2.45,5,2.57
31,S07,intervention,post,2.25,3.48,4.43,2.15,2.91,3.03,5,3.93
31,S07,intervention,followup,2.09,3.54,4.58,2.33,2.82,2.86,5,3.38
32,S08,intervention,pre,3.33,3.66,3.61,3.52,1.39,3.74,3,2.47
32,S08,intervention,post,3.42,3.96,3.79,3.34,1.9,4.02,4,2.76
32,S08,intervention,followup,3.39,3.53,3.69,3.58,1.88,3.96,2,2.2
33,S09,intervention,pre,3.05,3.75,3.48,3.79,2.17,2.8,3,2.62
33,S09,intervention,post,3.02,3.81,3.72,3.78,2.59,3.32,5,3.36
33,S09,intervention,followup,3.08,3.65,3.7,3.76,2.55,2.95,3,3.08
34,S10,intervention,pre,3.62,3.18,3.78,3.5,3.43,2.84,5,2.75
34,S10,intervention,post,3.8,3.33,4.21,3.18,3.85,3.04,5,3.14
34,S10,intervention,followup,3.53,3.09,4.15,3.08,3.76,3.04,5,3.09
35,S11,intervention,pre,3.56,4.07,3.87,2.36,3.09,2.57,5,3.08
35,S11,intervention,post,3.85,4.29,4.07,2.38,3.64,2.85,5,4.19
35,S11,intervention,followup,3.96,4.14,3.96,2.29,3.54,2.83,5,3.29
36,S12,intervention,pre,3.52,2.44,3.77,2.58,2.77,4.1,5,2.93
36,S12,intervention,post,3.76,2.68,3.81,2.16,3.19,4.41,5,3.96
36,S12,intervention,followup,3.54,2.58,3.84,2.33,2.85,4.35,5,3.93
37,S01,intervention,pre,3.42,3.26,3.46,3.08,3.22,3.46,5,2.25
37,S01,intervention,post,3.65,3.34,4.03,2.69,3.64,3.98,5,2.67
37,S01,intervention,followup,3.58,3.27,3.74,2.41,3.69,3.78,5,2.95
38,S02,intervention,pre,3.72,3.44,2.39,2.39,3.04,1.7,5,3.63
38,S02,intervention,post,4.1,3.52,2.66,2.26,3.41,2.07,5,4.07
38,S02,intervention,followup,3.91,3.66,2.57,2.21,3.35,2.02,3,4.14
39,S03,intervention,pre,3.26,4.97,2.47,2.7,2.8,3.23,5,2.8
39,S03,intervention,post,3.37,5,2.91,2.31,3.16,3.62,5,3.41
39,S03,intervention,followup,3.4,5,2.91,2.38,3.21,3.69,5,3.54
40,S04,intervention,pre,3.37,3.18,4.55,2.14,4.92,3.05,5,4.33
40,S04,intervention,post,3.46,3.16,4.81,1.82,5,3.33,5,4.86
40,S04,intervention,followup,3.33,3.27,5,1.89,5,3.27,5,5
41,S05,intervention,pre,2.45,3.6,3.97,3.64,3.96,3.02,5,3.46
41,S05,intervention,post,2.26,3.57,4.21,3.37,4.64,3.28,5,4.21
41,S05,intervention,followup,2.44,3.65,4.02,3.3,4.33,3.4,5,3.9
42,S06,intervention,pre,3.4,4.1,4.17,3.09,3.04,1.74,5,2.91
42,S06,intervention,post,3.53,4.13,4.35,2.78,3.88,1.96,5,3.51
42,S06,intervention,followup,3.42,4.14,4.26,2.74,3.45,1.81,4,3.29
43,S07,intervention,pre,2.44,3.65,4.24,3.3,1.03,2.96,3,2.14
43,S07,intervention,post,2.39,3.74,4.78,3.03,1.84,3.17,3,3.07
43,S07,intervention,followup,2.45,3.73,4.46,3.25,1.72,3.11,3,2.44
44,S08,intervention,pre,3.54,2.81,4.0,3.17,2.15,3.01,5,3.13
44,S08,intervention,post,3.43,2.93,4.02,2.9,2.81,3.21,5,3.23
44,S08,intervention,followup,3.39,2.98,4.08,3.0,2.81,3.17,5,2.94
45,S09,intervention,pre,2.95,2.65,3.49,3.64,3.27,3.85,5,3.58
45,S09,intervention,post,3.21,2.79,3.73,3.42,3.81,4.23,5,4.47
45,S09,intervention,followup,2.96,2.9,3.82,3.64,3.84,4.35,5,4.66
46,S10,intervention,pre,3.22,3.52,3.8,3.14,3.69,3.16,5,4.05
46,S10,intervention,post,3.27,3.8,3.99,2.85,4.23,3.42,5,4.24
46,S10,intervention,followup,3.23,3.43,4.14,2.94,4.21,3.3,5,3.97
47,S11,intervention,pre,3.75,4.06,3.81,3.64,2.61,3.93,4,2.13
47,S11,intervention,post,3.88,4.26,4.04,3.62,2.86,4.26,5,2.57
47,S11,intervention,followup,3.88,3.98,4.43,3.4,2.68,4.4,5,2.44
48,S12,intervention,pre,3.16,3.73,2.43,3.21,2.44,3.17,3,2.31
48,S12,intervention,post,3.37,3.76,3.01,2.68,3.19,3.55,5,3.03
48,S12,intervention,followup,3.42,3.67,2.87,2.96,2.86,3.48,4,2.74
49,S01,intervention,pre,2.99,4.4,3.36,3.14,1.82,2.1,3,2.41
49,S01,intervention,post,2.94,4.62,3.51,2.96,2.31,2.62,4,3.22
49,S01,intervention,followup,2.89,4.29,3.64,3.14,2.21,2.33,4,2.5
50,S02,intervention,pre,3.68,4.2,4.02,3.36,2.68,2.12,5,2.44
50,S02,intervention,post,3.69,4.28,4.55,2.68,3.4,2.64,5,3.87
50,S02,intervention,followup,3.87,4.05,4.34,2.98,3.26,2.51,5,3.1
51,S03,intervention,pre,3.62,3.35,4.48,3.25,3.28,2.93,4,2.76
51,S03,intervention,post,3.48,3.56,4.84,3.09,3.25,3.27,5,3.73
51,S03,intervention,followup,3.47,3.67,4.78,3.09,3.25,3.19,5,3.54
52,S04,intervention,pre,3.37,4.99,2.99,3.27,2.76,2.39,4,2.65
52,S04,intervention,post,3.56,5,3.48,3.28,3.27,2.79,5,3.27
52,S04,intervention,followup,3.53,4.87,3.05,3.19,2.93,2.98,5,3.0
53,S05,intervention,pre,3.3,3.22,3.52,3.6,2.15,1.73,3,2.43
53,S05,intervention,post,3.16,3.46,3.46,3.03,2.75,1.96,3,3.18
53,S05,intervention,followup,3.21,3.3,3.56,2.99,2.69,2.01,5,3.11
54,S06,intervention,pre,4.25,4.05,3.64,3.37,3.17,2.82,5,3.61
54,S06,intervention,post,4.65,4.18,4.02,3.32,3.43,3.09,5,3.64
54,S06,intervention,followup,4.51,4.14,3.77,3.49,3.37,2.95,5,3.66
55,S07,intervention,pre,2.33,3.63,3.81,3.06,2.53,2.64,5,2.33
55,S07,intervention,post,2.67,3.59,3.96,2.36,3.12,3.11,5,2.81
55,S07,intervention,followup,2.48,3.47,4.05,2.77,2.92,2.91,5,2.81
56,S08,intervention,pre,4.22,4.38,2.63,3.84,3.7,3.43,5,3.33
56,S08,intervention,post,4.59,4.36,2.88,3.69,3.99,3.76,5,4.23
56,S08,intervention,followup,4.4,4.09,2.75,3.8,4.07,3.63,5,3.97
57,S09,intervention,pre,3.43,3.93,2.7,3.63,3.26,2.02,5,2.8
57,S09,intervention,post,3.55,4.08,2.98,3.47,3.57,2.44,5,3.07
57,S09,intervention,followup,3.46,4.09,2.79,3.14,3.72,2.37,4,2.97
58,S10,intervention,pre,1.41,3.27,2.81,3.44,2.86,3.72,3,2.72
58,S10,intervention,post,1.33,3.29,3.02,3.32,3.15,4.06,4,3.39
58,S10,intervention,followup,1.32,3.09,2.83,3.37,3.04,4.2,3,2.81
59,S11,intervention,pre,3.17,2.94,4.01,4.5,3.05,2.49,2,1.31
59,S11,intervention,post,3.24,2.79,4.41,4.27,3.33,2.81,2,2.41
59,S11,intervention,followup,3.27,2.78,4.12,4.37,3.19,2.72,5,2.15
60,S12,intervention,pre,2.62,2.62,3.89,2.51,3.65,2.85,5,3.52
60,S12,intervention,post,2.78,2.76,3.8,2.13,4.11,3.26,5,3.76
60,S12,intervention,followup,2.57,2.73,4.03,2.24,3.84,3.23,5,3.97
61,S01,intervention,pre,3.28,3.84,3.51,3.58,3.64,3.32,5,3.49
61,S01,intervention,post,3.55,3.94,3.76,3.54,4.01,3.67,5,3.71
61,S01,intervention,followup,3.25,4.05,3.97,3.57,3.87,3.7,5,3.61
62,S02,intervention,pre,3.05,3.49,3.77,3.13,3.4,2.64,5,3.7
62,S02,intervention,post,3.08,3.81,3.96,2.94,4.14,3.32,5,4.18
62,S02,intervention,followup,3.01,3.64,3.86,2.63,3.77,3.0,5,4.0
63,S03,intervention,pre,3.95,3.49,4.85,2.43,3.61,2.32,5,3.61
63,S03,intervention,post,4.13,3.59,5,2.06,4.17,2.95,5,4.39
63,S03,intervention,followup,3.95,3.56,4.91,2.09,3.72,2.74,5,4.44
64,S04,intervention,pre,2.39,4.19,3.34,3.2,4.16,2.4,5,3.45
64,S04,intervention,post,2.85,4.28,3.76,2.94,4.38,2.78,5,4.17
64,S04,intervention,followup,2.55,4.13,3.62,2.78,4.58,2.49,5,3.97
65,S05,intervention,pre,3.43,2.85,2.89,2.84,2.66,2.8,4,1.91
65,S05,intervention,post,3.49,2.84,3.15,2.67,2.99,3.26,5,2.66
65,S05,intervention,followup,3.72,2.7,3.09,2.72,2.96,3.32,4,2.8
66,S06,intervention,pre,3.56,2.95,3.13,2.95,4.51,3.21,5,3.45
66,S06,intervention,post,3.74,3.0,3.75,2.73,4.79,3.39,5,3.68
66,S06,intervention,followup,3.69,2.96,3.38,2.77,4.58,3.02,5,3.74
67,S07,intervention,pre,3.26,3.6,4.05,1.99,4.17,3.38,5,4.39
67,S07,intervention,post,3.15,3.85,4.36,1.67,4.29,3.62,5,4.77
67,S07,intervention,followup,3.31,3.72,4.44,1.6,4.45,3.69,5,5
68,S08,intervention,pre,2.11,4.09,3.11,3.38,2.38,3.22,5,2.77
68,S08,intervention,post,2.24,4.17,3.28,3.33,2.52,3.7,2,3.51
68,S08,intervention,followup,2.38,4.18,3.29,3.36,2.65,3.54,3,3.29
69,S09,intervention,pre,4.11,3.53,3.98,3.18,3.68,3.34,5,3.47
69,S09,intervention,post,4.34,3.83,3.98,3.3,4.27,3.89,5,3.88
69,S09,intervention,followup,4.17,3.67,4.19,3.3,4.06,3.58,5,4.04
70,S10,intervention,pre,3.01,2.69,3.32,4.26,3.12,1.24,4,2.27
70,S10,intervention,post,2.98,2.87,3.56,3.91,3.64,1.62,4,2.5
70,S10,intervention,followup,3.3,2.68,3.54,4.15,3.36,1.21,2,2.66
71,S11,intervention,pre,3.35,5,3.73,3.1,2.77,2.79,5,2.59
71,S11,intervention,post,3.53,5,4.01,2.94,3.08,2.98,5,3.0
71,S11,intervention,followup,3.39,5,3.98,2.98,3.07,3.23,5,2.68
72,S12,intervention,pre,3.01,4.1,3.57,3.04,4.09,3.53,5,3.44
72,S12,intervention,post,3.13,4.04,3.74,2.68,4.23,4.05,5,3.99
72,S12,intervention,followup,3.32,4.11,3.86,2.78,4.35,4.07,5,3.2
73,S01,intervention,pre,3.16,4.78,3.9,3.69,3.26,1.6,5,3.38
73,S01,intervention,post,3.14,4.9,4.12,3.1,3.82,1.96,5,4.19
73,S01,intervention,followup,3.19,5,4.31,3.49,3.79,1.67,5,3.53
74,S02,intervention,pre,3.07,4.27,4.62,3.79,2.41,2.96,3,3.08
74,S02,intervention,post,3.06,4.11,5,3.69,3.21,3.19,5,3.24
74,S02,intervention,followup,3.29,4.06,4.82,3.82,2.67,3.31,5,3.25
75,S03,intervention,pre,4.13,3.99,4.62,2.91,2.45,2.15,5,3.8
75,S03,intervention,post,4.19,4.22,4.58,2.72,2.93,2.46,5,4.45
75,S03,intervention,followup,4.21,4.16,4.48,2.82,2.85,2.33,5,4.01
76,S04,intervention,pre,4.09,3.11,4.31,2.94,3.12,2.5,5,3.4
76,S04,intervention,post,4.06,3.28,4.77,2.63,3.74,2.92,5,3.83
76,S04,intervention,followup,3.73,3.39,4.71,2.84,3.63,2.98,5,3.93
77,S05,intervention,pre,4.32,3.69,3.63,1.89,2.5,3.72,5,3.65
77,S05,intervention,post,4.24,3.61,3.86,1.5,3.12,4.19,5,4.3
77,S05,intervention,followup,4.21,3.89,3.58,1.4,2.69,3.78,5,4.11
78,S06,intervention,pre,3.55,4.36,4.18,2.96,2.61,2.36,5,2.71
78,S06,intervention,post,3.76,4.46,4.5,3.06,3.02,2.59,5,3.12
78,S06,intervention,followup,3.7,4.12,4.27,3.15,3.07,2.57,5,3.58
79,S07,intervention,pre,3.16,3.16,2.89,3.34,3.58,2.38,3,2.92
79,S07,intervention,post,3.45,3.09,3.03,2.96,4.03,2.94,5,3.75
79,S07,intervention,followup,3.3,3.08,2.97,2.88,3.6,2.93,5,3.47
80,S08,intervention,pre,3.14,4.16,3.29,3.07,3.75,1.94,5,2.79
80,S08,intervention,post,3.03,4.32,3.65,2.81,4.32,2.4,5,3.24
80,S08,intervention,followup,3.08,4.3,3.46,2.81,4.35,2.27,5,3.14
81,S09,intervention,pre,2.39,4.63,4.62,3.69,3.41,3.82,5,4.06
81,S09,intervention,post,2.29,4.86,4.75,3.69,4.15,4.38,5,4.42
81,S09,intervention,followup,2.29,4.8,4.71,3.56,3.91,4.24,5,4.28
82,S10,intervention,pre,3.02,3.26,3.96,3.59,3.1,2.21,4,3.18
82,S10,intervention,post,3.08,3.25,4.09,3.47,3.71,2.42,5,3.89
82,S10,intervention,followup,3.11,3.35,4.14,3.33,3.46,2.33,5,3.54
83,S11,intervention,pre,2.62,3.97,4.12,3.18,2.13,2.91,3,3.26
83,S11,intervention,post,2.85,4.04,4.63,2.75,2.72,2.84,5,3.27
83,S11,intervention,followup,2.46,4.03,4.64,2.74,2.57,2.69,5,3.92
84,S12,intervention,pre,3.72,5,4.26,2.69,4.46,3.94,5,3.42
84,S12,intervention,post,3.94,4.94,4.67,2.64,4.64,4.4,5,4.12
84,S12,intervention,followup,3.93,5,4.52,2.62,4.64,4.32,5,4.12
85,S01,intervention,pre,3.07,4.48,4.09,3.92,2.18,3.69,3,2.79
85,S01,intervention,post,3.25,4.38,4.5,3.47,2.41,4.17,5,3.44
85,S01,intervention,followup,3.1,4.58,4.5,3.61,2.37,4.03,5,3.03
86,S02,intervention,pre,2.8,3.52,3.76,1.81,3.9,2.41,5,3.33
86,S02,intervention,post,2.95,3.47,4.25,1.64,4.02,2.52,5,3.56
86,S02,intervention,followup,2.74,3.25,4.08,1.66,3.98,2.66,5,3.96
87,S03,intervention,pre,2.85,2.88,3.39,3.19,2.94,3.67,4,3.14
87,S03,intervention,post,2.99,3.05,3.84,2.98,3.05,4.25,5,3.64
87,S03,intervention,followup,2.86,2.92,3.8,3.13,3.06,4.1,5,3.57
88,S04,intervention,pre,3.92,5,3.46,3.7,3.15,3.88,5,3.02
88,S04,intervention,post,4.04,5,3.79,3.74,3.57,4.3,5,3.73
88,S04,intervention,followup,4.17,5,3.8,3.47,3.28,4.17,5,2.88
89,S05,intervention,pre,4.08,3.74,4.28,3.12,2.04,3.23,5,3.64
89,S05,intervention,post,4.24,3.78,4.57,2.9,2.64,3.18,5,2.95
89,S05,intervention,followup,4.11,3.83,4.15,2.92,2.38,3.35,5,3.77
90,S06,intervention,pre,3.52,3.45,3.42,3.57,3.98,2.55,5,3.54
90,S06,intervention,post,3.49,3.77,3.53,3.27,4.28,2.79,4,3.82
90,S06,intervention,followup,3.6,3.74,3.42,3.41,4.13,2.71,5,3.49
91,S07,control,pre,3.21,5,3.96,3.2,2.89,2.98,5,2.71
91,S07,control,post,2.91,4.82,3.8,3.35,2.78,2.85,5,3.15
91,S07,control,followup,2.9,5,3.79,3.42,3.13,2.65,4,3.4
92,S08,control,pre,3.98,4.57,4.28,2.62,3.7,3.27,5,4.23
92,S08,control,post,4.48,4.53,3.99,2.75,3.52,3.51,5,3.85
92,S08,control,followup,3.99,4.68,3.93,2.63,3.6,3.38,5,3.95
93,S09,control,pre,3.26,4.13,3.79,2.01,4.35,3.42,5,3.33
93,S09,control,post,3.1,3.9,4.04,2.15,4.42,3.18,5,3.91
93,S09,control,followup,3.24,4.17,3.8,1.94,4.41,3.4,5,3.43
94,S10,control,pre,3.68,4.45,3.56,2.76,2.5,2.35,5,3.11
94,S10,control,post,3.67,4.4,3.56,2.95,2.54,2.51,5,2.91
94,S10,control,followup,3.76,4.48,3.44,2.67,2.53,2.62,5,2.43
95,S11,control,pre,2.28,2.36,4.36,3.89,2.33,3.63,4,2.55
95,S11,control,post,2.56,2.31,4.55,3.64,2.67,3.61,4,2.71
95,S11,control,followup,2.42,2.55,4.28,3.39,2.58,3.61,5,2.53
96,S12,control,pre,3.09,4.42,3.63,3.96,3.72,2.68,5,3.05
96,S12,control,post,3.17,4.41,3.5,3.59,3.67,2.7,5,2.65
96,S12,control,followup,3.2,4.37,3.52,3.81,3.81,2.53,5,3.6
97,S01,control,pre,4.27,4.36,3.8,3.29,2.54,3.28,5,3.14
97,S01,control,post,4.24,4.22,3.67,2.99,2.34,3.28,5,2.52
97,S01,control,followup,4.21,4.44,3.66,3.06,2.46,3.41,5,2.96
98,S02,control,pre,3.97,5,4.06,2.95,2.72,3.44,5,2.65
98,S02,control,post,4.01,5,3.76,2.81,2.37,3.22,5,2.54
98,S02,control,followup,3.88,4.96,3.63,3.06,2.65,3.45,5,2.58
99,S03,control,pre,2.46,2.94,4.08,2.99,2.29,2.09,3,2.5
99,S03,control,post,2.73,2.77,4.28,3.12,2.49,2.2,4,2.87
99,S03,control,followup,2.55,2.81,3.96,3.13,2.31,2.33,4,2.76
100,S04,control,pre,2.26,3.67,4.16,3.98,2.75,3.17,3,2.98
100,S04,control,post,2.3,3.56,4.08,4.17,3.06,3.08,4,2.96
100,S04,control,followup,2.31,3.73,4.28,3.99,2.9,3.14,5,2.36
101,S05,control,pre,3.77,3.79,3.98,2.57,3.68,1.82,5,3.22
101,S05,control,post,3.75,3.97,4.22,2.39,3.72,1.94,5,3.34
101,S05,control,followup,3.76,3.77,4.28,2.37,3.65,1.92,5,3.42
102,S06,control,pre,2.88,3.2,3.66,4.18,2.79,2.0,4,2.53
102,S06,control,post,2.89,3.21,3.69,4.12,2.67,2.36,3,2.38
102,S06,control,followup,2.96,3.22,3.71,4.22,2.46,2.29,2,2.35
103,S07,control,pre,3.56,3.93,4.24,4.18,2.37,2.32,4,3.27
103,S07,control,post,3.43,3.74,4.19,4.0,2.69,2.67,3,3.1
103,S07,control,followup,3.44,3.98,4.25,3.82,2.46,1.95,4,3.38
104,S08,control,pre,3.57,4.34,4.45,3.37,4.49,2.22,5,3.85
104,S08,control,post,3.49,4.33,4.58,3.61,4.51,2.28,5,3.61
104,S08,control,followup,3.53,4.19,4.39,3.47,4.46,2.39,5,3.86
105,S09,control,pre,3.71,3.65,2.82,2.65,2.8,3.47,4,2.88
105,S09,control,post,3.83,3.72,2.99,3.03,2.72,3.27,5,2.9
105,S09,control,followup,3.92,3.76,3.05,3.1,2.8,3.23,3,3.06
106,S10,control,pre,3.95,4.83,3.19,4.01,2.93,3.71,5,3.14
106,S10,control,post,3.78,5,3.19,4.28,2.71,4.11,5,3.33
106,S10,control,followup,3.82,4.8,3.24,4.37,2.9,3.8,4,3.28
107,S11,control,pre,3.09,4.02,3.61,3.89,3.65,2.33,5,3.4
107,S11,control,post,3.12,4.2,3.57,4.26,3.51,1.9,3,3.25
107,S11,control,followup,3.06,4.17,3.62,4.13,3.82,2.27,4,2.92
108,S12,control,pre,4.42,4.0,3.5,4.29,3.22,3.19,4,1.8
108,S12,control,post,4.29,3.87,3.52,4.23,3.26,3.13,5,2.15
108,S12,control,followup,4.31,3.89,3.65,4.14,3.4,3.07,5,1.97
109,S01,control,pre,2.37,3.32,3.75,3.49,2.82,2.9,4,3.1
109,S01,control,post,2.41,3.39,3.61,3.48,3.15,2.81,4,3.22
109,S01,control,followup,2.35,3.36,3.56,3.5,3.07,2.88,4,3.01
110,S02,control,pre,3.5,4.28,2.51,2.68,2.76,3.26,5,3.39
110,S02,control,post,3.38,4.39,2.47,3.09,2.65,3.34,3,3.03
110,S02,control,followup,3.12,4.4,2.45,3.07,2.45,3.59,3,2.63
111,S03,control,pre,3.96,3.05,3.28,2.45,3.74,3.02,5,3.78
111,S03,control,post,3.85,2.99,3.0,2.8,3.76,3.1,5,3.15
111,S03,control,followup,4.02,3.07,3.12,2.76,3.75,3.1,5,3.43
112,S04,control,pre,2.54,4.79,3.62,2.44,3.44,4.1,5,3.25
112,S04,control,post,2.53,4.74,3.48,2.25,3.23,4.06,5,1.96
112,S04,control,followup,2.55,4.75,3.63,2.34,3.37,4.31,5,3.21
113,S05,control,pre,3.16,3.44,4.36,1.6,1.91,4.11,5,3.5
113,S05,control,post,3.14,3.21,4.1,1.56,1.81,4.22,5,3.59
113,S05,control,followup,3.21,3.26,4.2,1.81,2.04,4.09,5,3.08
114,S06,control,pre,4.01,4.07,4.37,2.89,1.74,3.09,5,2.2
114,S06,control,post,4.22,4.18,4.15,2.78,2.14,2.9,4,2.05
114,S06,control,followup,4.11,4.19,4.21,2.73,1.99,3.11,5,2.57
115,S07,control,pre,2.66,3.34,2.71,3.51,3.92,2.75,5,2.61
115,S07,control,post,2.65,3.44,2.61,3.82,4.07,2.79,3,2.66
115,S07,control,followup,2.62,3.36,2.75,3.79,4.1,2.73,4,2.89
116,S08,control,pre,2.96,3.03,4.97,3.69,3.31,2.93,4,2.91
116,S08,control,post,3.0,3.01,4.98,3.7,3.0,2.95,5,3.21
116,S08,control,followup,2.98,2.96,5,3.63,3.34,2.99,5,2.83
117,S09,control,pre,3.2,2.74,5,3.59,3.0,4.4,5,2.95
117,S09,control,post,3.21,2.83,5,3.81,3.08,4.3,4,3.59
117,S09,control,followup,3.14,2.88,4.8,3.83,3.17,4.33,5,3.22
118,S10,control,pre,1.54,4.76,3.44,3.91,3.21,2.07,4,2.54
118,S10,control,post,1.61,4.74,3.37,3.85,3.35,2.21,4,2.43
118,S10,control,followup,1.7,4.74,3.27,3.63,3.35,2.2,5,2.35
119,S11,control,pre,3.74,2.9,3.99,3.83,2.07,2.98,4,3.55
119,S11,control,post,4.0,3.17,3.82,4.03,2.19,3.14,4,3.03
119,S11,control,followup,3.78,3.06,3.87,4.1,2.42,2.95,3,3.22
120,S12,control,pre,3.24,3.36,3.33,1.68,2.66,2.68,5,3.64
120,S12,control,post,3.35,3.5,3.55,1.87,2.9,2.79,4,3.42
120,S12,control,followup,3.3,3.37,3.56,1.74,3.0,2.66,5,3.56
121,S01,control,pre,3.3,3.39,3.1,2.54,2.33,2.87,4,3.25
121,S01,control,post,3.36,3.38,3.01,2.54,2.49,2.68,5,2.54
121,S01,control,followup,3.27,3.58,3.2,2.79,2.56,2.81,4,2.65
122,S02,control,pre,3.32,4.55,4.04,3.06,3.26,3.52,5,3.58
122,S02,control,post,3.48,4.71,4.07,3.26,3.39,3.45,5,3.31
122,S02,control,followup,3.3,4.45,3.89,3.33,3.3,3.43,5,3.66
123,S03,control,pre,3.97,4.2,4.22,1.53,2.65,2.81,5,3.67
123,S03,control,post,3.98,4.12,4.32,1.54,2.58,2.82,5,3.73
123,S03,control,followup,4.12,3.94,4.19,1.52,2.77,2.88,5,4.2
124,S04,control,pre,4.02,3.18,3.48,3.41,3.54,3.48,5,3.33
124,S04,control,post,3.84,2.99,3.6,3.38,3.62,3.27,5,3.55
124,S04,control,followup,3.9,3.26,3.45,3.61,3.94,3.32,5,3.22
125,S05,control,pre,4.02,2.92,4.46,3.08,2.67,3.38,4,2.68
125,S05,control,post,3.99,2.94,4.27,3.32,2.78,3.12,5,3.52
125,S05,control,followup,3.85,2.66,4.25,3.24,2.59,3.74,4,3.0
126,S06,control,pre,3.3,4.06,4.12,2.97,2.62,3.56,5,3.16
126,S06,control,post,3.4,4.03,4.24,2.84,2.77,3.44,5,3.44
126,S06,control,followup,3.18,3.91,4.42,3.0,2.63,3.27,5,3.7
127,S07,control,pre,2.96,3.39,3.52,1.79,3.38,3.02,5,3.47
127,S07,control,post,3.03,3.47,3.42,1.77,3.32,2.96,5,3.47
127,S07,control,followup,3.01,3.52,3.55,1.6,3.24,2.93,5,3.57
128,S08,control,pre,3.88,4.92,3.22,2.03,3.55,3.04,5,3.74
128,S08,control,post,4.01,5,3.06,2.22,3.88,3.19,5,3.48
128,S08,control,followup,3.93,5,2.98,2.19,3.59,2.94,5,3.08
129,S09,control,pre,3.19,3.58,3.65,4.03,3.7,3.07,4,3.17
129,S09,control,post,2.92,3.65,4.06,3.97,3.96,3.41,5,2.68
129,S09,control,followup,3.3,3.47,4.03,3.97,3.96,3.02,5,3.01
130,S10,control,pre,4.21,4.03,4.06,3.61,3.23,3.28,4,3.87
130,S10,control,post,4.3,3.99,3.75,3.43,3.34,3.27,5,2.9
130,S10,control,followup,4.3,4.0,3.86,3.84,3.3,3.49,5,3.05
131,S11,control,pre,4.08,4.54,3.73,2.45,3.13,3.63,5,3.4
131,S11,control,post,3.97,4.61,3.76,2.26,2.78,3.29,5,3.08
131,S11,control,followup,3.89,4.57,3.78,2.36,2.74,3.3,5,3.3
132,S12,control,pre,3.32,3.43,3.56,1.52,2.5,3.13,5,2.78
132,S12,control,post,2.93,3.3,3.59,1.54,2.6,3.2,4,2.4
132,S12,control,followup,3.13,3.44,3.47,1.75,2.48,3.17,5,3.06
133,S01,control,pre,3.27,3.16,4.61,2.65,3.5,3.0,5,3.22
133,S01,control,post,3.43,3.13,4.83,2.82,3.53,3.11,5,3.22
133,S01,control,followup,3.36,3.11,4.75,2.71,3.55,2.88,5,3.45
134,S02,control,pre,3.47,3.71,4.3,3.02,3.31,4.44,5,3.15
134,S02,control,post,3.42,3.91,4.12,2.94,3.23,4.1,5,3.36
134,S02,control,followup,3.25,3.97,4.07,3.1,3.67,4.32,5,3.42
135,S03,control,pre,2.21,4.28,2.9,4.19,3.21,1.59,3,3.21
135,S03,control,post,2.36,4.41,3.01,4.3,3.3,1.57,4,2.61
135,S03,control,followup,2.38,4.42,2.97,4.1,3.33,1.6,4,3.07
136,S04,control,pre,2.31,3.87,2.45,3.35,3.7,2.55,4,2.93
136,S04,control,post,2.37,3.8,2.45,3.01,3.86,2.79,5,3.38
136,S04,control,followup,2.33,3.73,2.5,3.39,3.62,2.59,5,3.43
137,S05,control,pre,2.82,3.3,2.79,2.07,1.9,2.73,5,2.48
137,S05,control,post,2.74,3.49,2.98,1.97,1.85,2.86,4,2.6
137,S05,control,followup,2.75,3.48,3.01,1.97,1.78,2.81,5,2.83
138,S06,control,pre,3.7,2.44,3.4,2.16,3.93,4.24,5,3.3
138,S06,control,post,3.5,2.54,3.6,2.34,3.89,4.3,5,3.59
138,S06,control,followup,3.47,2.55,3.61,2.14,3.6,4.34,5,4.01
139,S07,control,pre,3.9,3.84,3.9,3.65,2.84,2.41,4,3.12
139,S07,control,post,3.95,4.13,4.07,3.7,2.87,2.43,5,3.39
139,S07,control,followup,3.81,3.99,3.9,3.77,2.78,2.31,4,3.52
140,S08,control,pre,3.12,3.41,3.07,3.76,1.82,2.7,3,2.74
140,S08,control,post,2.95,3.42,2.93,3.53,1.5,2.54,3,2.61
140,S08,control,followup,2.9,3.41,3.11,3.62,1.74,2.62,2,2.62
141,S09,control,pre,3.26,4.55,4.68,2.44,3.9,3.4,5,4.25
141,S09,control,post,3.15,4.62,4.46,2.4,3.68,3.56,5,3.81
141,S09,control,followup,3.37,4.51,4.45,2.42,3.8,3.62,5,4.0
142,S10,control,pre,2.95,3.79,3.75,2.8,3.61,2.48,5,3.09
142,S10,control,post,2.94,3.7,3.84,2.91,3.85,2.45,4,3.32
142,S10,control,followup,2.84,3.94,3.77,2.69,3.77,2.32,5,3.33
143,S11,control,pre,3.64,2.27,3.5,3.21,3.1,2.07,5,2.46
143,S11,control,post,3.66,2.17,3.61,3.18,2.81,2.19,5,2.39
143,S11,control,followup,3.29,2.18,3.73,3.19,3.22,2.25,4,2.18
144,S12,control,pre,3.18,3.8,3.24,2.27,2.48,3.6,5,3.58
144,S12,control,post,2.92,3.82,3.37,2.0,2.85,3.75,5,3.55
144,S12,control,followup,2.67,3.82,3.67,2.19,2.81,3.78,4,3.79
145,S01,control,pre,3.07,3.81,4.35,3.04,3.84,3.05,5,3.02
145,S01,control,post,3.09,4.01,4.0,3.08,3.62,2.68,5,3.15
145,S01,control,followup,3.09,3.67,4.11,3.23,3.77,2.8,5,3.2
146,S02,control,pre,2.86,4.45,3.65,3.19,2.95,2.77,5,2.85
146,S02,control,post,2.65,4.26,3.64,3.03,2.73,2.53,5,2.75
146,S02,control,followup,2.77,4.39,3.48,2.87,3.0,2.84,4,2.76
147,S03,control,pre,4.4,3.05,3.28,3.48,3.25,2.16,4,3.25
147,S03,control,post,4.28,2.95,3.21,3.56,3.11,2.06,4,3.33
147,S03,control,followup,4.39,3.0,3.29,3.54,3.0,2.08,5,3.29
148,S04,control,pre,4.12,3.33,2.89,3.4,3.39,2.51,5,2.09
148,S04,control,post,4.14,3.01,2.84,3.34,3.41,2.46,4,2.18
148,S04,control,followup,4.18,3.29,2.81,3.49,3.29,2.52,4,2.18
149,S05,control,pre,3.87,4.86,2.69,2.74,1.49,4.15,4,2.48
149,S05,control,post,3.87,4.9,2.75,2.74,1.43,4.09,4,2.59
149,S05,control,followup,3.84,4.99,2.71,2.61,1.31,4.12,5,2.85
150,S06,control,pre,2.6,3.79,2.18,2.48,3.6,2.17,5,2.65
150,S06,control,post,2.7,3.96,2.0,2.35,3.61,2.32,5,2.52
150,S06,control,followup,2.78,3.92,2.35,2.44,3.51,2.44,5,2.39
151,S07,control,pre,3.3,3.59,3.17,2.91,3.98,3.37,5,2.65
151,S07,control,post,3.21,3.59,3.26,2.77,4.09,3.05,5,3.16
151,S07,control,followup,3.21,3.67,3.34,2.88,4.18,3.37,5,2.8
152,S08,control,pre,3.76,3.35,3.6,3.76,3.06,2.43,4,2.92
152,S08,control,post,3.92,3.65,3.31,3.8,2.9,2.71,5,2.88
152,S08,control,followup,4.01,3.42,3.58,3.75,2.95,2.65,4,3.16
153,S09,control,pre,3.69,2.99,3.75,3.81,2.53,2.54,4,2.38
153,S09,control,post,3.95,2.91,3.95,3.62,2.78,2.58,5,2.78
153,S09,control,followup,3.89,2.97,3.96,3.78,2.77,2.68,5,2.56
154,S10,control,pre,4.16,4.01,3.18,2.87,1.86,3.3,4,3.37
154,S10,control,post,3.85,4.08,3.44,3.13,1.62,3.38,4,3.15
154,S10,control,followup,3.97,3.92,3.33,2.81,1.82,3.27,5,3.22
155,S11,control,pre,1.77,3.42,4.08,3.58,4.08,3.73,5,3.89
155,S11,control,post,2.08,3.5,4.2,3.45,4.18,3.44,5,3.19
155,S11,control,followup,2.09,3.42,4.11,3.39,4.35,3.56,5,4.01
156,S12,control,pre,2.82,3.33,4.12,3.9,3.4,2.65,4,3.4
156,S12,control,post,2.99,3.34,4.27,3.98,3.43,2.45,5,4.17
156,S12,control,followup,2.78,3.34,4.17,4.04,3.71,2.65,4,3.84
157,S01,control,pre,4.25,2.49,4.88,3.1,1.68,2.31,5,2.62
157,S01,control,post,4.34,2.35,4.36,3.24,1.45,2.13,2,3.07
157,S01,control,followup,4.34,2.37,4.65,3.28,1.22,2.29,2,2.66
158,S02,control,pre,2.75,3.48,4.55,4.46,3.24,2.81,4,2.95
158,S02,control,post,2.78,3.73,4.9,4.22,3.26,2.84,5,2.7
158,S02,control,followup,2.83,3.51,4.59,4.21,3.18,2.71,5,2.63
159,S03,control,pre,3.79,3.8,4.13,4.16,3.42,3.35,5,3.21
159,S03,control,post,3.72,3.9,4.33,4.02,3.14,3.38,5,2.87
159,S03,control,followup,3.81,3.96,4.51,4.33,3.34,3.48,5,3.36
160,S04,control,pre,3.62,3.81,4.51,3.49,3.27,3.66,5,3.07
160,S04,control,post,3.6,3.65,4.48,3.18,3.03,3.79,5,2.59
160,S04,control,followup,3.53,4.02,4.35,3.48,3.1,3.66,5,2.69
161,S05,control,pre,1.81,4.47,4.56,2.48,2.62,1.71,5,3.27
161,S05,control,post,1.87,4.69,4.88,2.33,2.67,1.67,5,3.87
161,S05,control,followup,2.04,4.42,4.72,2.43,2.64,1.71,5,3.8
162,S06,control,pre,4.29,2.79,3.24,3.16,2.71,4.33,4,3.25
162,S06,control,post,4.41,3.04,3.19,3.31,2.45,4.48,5,3.16
162,S06,control,followup,4.21,2.92,2.98,3.17,2.45,4.35,5,3.67
163,S07,control,pre,3.82,3.14,2.1,2.38,4.46,2.38,5,3.59
163,S07,control,post,3.82,3.21,1.98,2.49,4.26,2.47,5,2.88
163,S07,control,followup,3.9,3.26,2.07,2.56,4.45,2.51,5,3.06
164,S08,control,pre,3.42,4.25,3.59,2.64,3.75,2.42,5,3.1
164,S08,control,post,3.34,4.19,3.74,2.49,3.76,2.34,5,3.54
164,S08,control,followup,3.5,4.42,3.68,2.69,3.85,2.7,5,3.38
165,S09,control,pre,2.76,3.41,3.14,4.02,2.44,2.8,4,2.66
165,S09,control,post,2.95,3.55,3.19,3.66,2.63,3.05,4,3.18
165,S09,control,followup,2.8,3.6,3.21,3.6,2.28,3.35,4,2.61
166,S10,control,pre,3.36,3.76,3.13,2.97,2.75,2.51,4,2.93
166,S10,control,post,3.17,3.69,3.12,2.78,2.67,2.53,5,3.63
166,S10,control,followup,3.34,3.75,3.24,2.69,2.75,2.63,4,2.97
167,S11,control,pre,3.13,2.81,3.75,3.53,4.48,2.62,5,3.35
167,S11,control,post,3.19,2.66,3.84,3.63,4.32,2.6,5,3.22
167,S11,control,followup,3.07,2.78,3.8,3.71,4.4,2.72,5,3.91
168,S12,control,pre,3.5,4.77,3.81,3.54,3.51,2.82,5,2.95
168,S12,control,post,3.27,4.9,3.8,3.63,3.33,2.9,5,3.26
168,S12,control,followup,3.61,4.6,3.81,3.25,3.48,2.81,5,3.15
169,S01,control,pre,3.32,4.82,3.7,2.5,3.32,3.68,5,3.72
169,S01,control,post,3.21,4.45,3.81,2.53,3.18,3.64,5,3.26
169,S01,control,followup,3.35,4.67,3.61,2.63,3.31,3.62,5,3.14
170,S02,control,pre,3.42,3.5,4.46,4.16,3.15,3.3,4,2.73
170,S02,control,post,3.34,3.53,4.3,4.01,3.36,3.35,5,2.25
170,S02,control,followup,3.36,3.51,4.49,4.27,3.56,3.33,5,2.74
171,S03,control,pre,3.35,4.46,3.04,3.88,2.93,2.93,4,2.46
171,S03,control,post,3.6,4.46,2.88,4.26,2.58,3.16,4,2.8
171,S03,control,followup,3.39,4.45,2.76,4.29,2.72,3.06,3,2.74
172,S04,control,pre,4.53,4.55,3.96,3.2,3.11,1.96,5,2.82
172,S04,control,post,4.54,4.68,4.09,3.29,2.67,2.0,5,2.77
172,S04,control,followup,4.25,4.5,3.95,3.35,2.89,2.01,5,3.11
173,S05,control,pre,3.74,2.62,3.43,4.59,2.59,3.55,4,3.68
173,S05,control,post,3.71,2.63,3.52,4.55,2.52,3.6,4,3.07
173,S05,control,followup,3.78,2.48,3.61,4.45,2.78,3.62,2,2.84
174,S06,control,pre,3.35,4.24,3.95,2.5,2.54,2.24,5,2.95
174,S06,control,post,3.15,4.17,3.72,2.5,2.37,2.46,3,3.09
174,S06,control,followup,3.01,4.2,3.8,2.48,2.53,2.44,5,2.72
175,S07,control,pre,2.75,3.9,4.02,2.57,2.63,3.0,5,3.22
175,S07,control,post,2.71,3.77,4.21,2.29,2.73,3.14,5,3.59
175,S07,control,followup,2.96,3.99,4.08,2.28,2.85,3.06,5,3.85
176,S08,control,pre,3.18,3.87,3.89,3.87,3.26,2.43,4,3.0
176,S08,control,post,3.31,3.76,4.26,3.61,3.06,2.71,5,3.42
176,S08,control,followup,3.19,3.87,4.13,3.81,3.24,2.42,5,3.13
177,S09,control,pre,3.98,3.32,3.55,3.21,4.91,3.98,5,3.6
177,S09,control,post,3.95,3.63,3.87,3.06,4.9,4.3,5,3.48
177,S09,control,followup,4.06,3.69,3.86,3.2,4.75,3.82,5,3.51
178,S10,control,pre,3.24,3.87,3.73,3.57,3.61,3.18,5,2.88
178,S10,control,post,3.24,3.83,3.7,3.45,3.76,2.89,5,2.56
178,S10,control,followup,3.25,3.93,3.83,3.61,3.82,3.42,5,2.67
179,S11,control,pre,3.11,3.12,4.11,2.12,3.1,2.46,5,3.34
179,S11,control,post,3.06,3.12,3.99,2.15,3.27,2.62,5,3.15
179,S11,control,followup,2.98,3.02,4.13,2.21,3.36,2.55,5,3.3
180,S12,control,pre,3.63,3.4,4.17,3.7,2.51,3.56,4,2.8
180,S12,control,post,3.82,3.47,4.2,3.65,2.58,3.41,3,3.1
180,S12,control,followup,3.87,3.36,4.08,3.79,2.54,3.38,4,2.73
